{
  "images" : [
    {
      "idiom" : "universal",
      "scale" : "1x"
    },
    {
      "resizing" : {
        "mode" : "9-part",
        "center" : {
          "mode" : "stretch",
          "width" : 1,
          "height" : 1
        },
        "cap-insets" : {
          "bottom" : 37,
          "top" : 36,
          "right" : 6,
          "left" : 5
        }
      },
      "idiom" : "universal",
      "filename" : "compose_emotion_table_left_selected@2x.png",
      "scale" : "2x"
    },
    {
      "idiom" : "universal",
      "scale" : "3x"
    }
  ],
  "info" : {
    "version" : 1,
    "author" : "xcode"
  }
}